Rank,Population centre,Size group,Population in 2016,Population in 2011
1,Calgary,Large urban,1237656,1094379
2,Edmonton,Large urban,1062643,935361
3,Red Deer,Medium,99718,89715
4,Lethbridge,Medium,87572,79364
5,Fort McMurray,Medium,66573,60555
6,Medicine Hat,Medium,62935,59624
7,Grande Prairie,Medium,62320,55236
8,Airdrie,Medium,61082,42844
9,Spruce Grove,Small,36125,27970
10,Leduc,Small,29556,23827
11,Okotoks,Small,28833,24470
12,Cochrane,Small,25289,17433
13,Fort Saskatchewan,Small,23895,18738
14,Lloydminster (Alberta part),Small,19645,18017
15,Chestermere,Small,19472,14363
16,Camrose,Small,18520,17057
17,Beaumont,Small,17396,13284
18,Stony Plain,Small,16271,14249
19,Sylvan Lake,Small,14942,12436
20,Brooks,Small,14436,13656
21,Strathmore,Small,13592,12179
22,High River,Small,13420,12498
23,Wetaskiwin,Small,12486,12221
24,Lacombe,Small,12442,11429
25,Canmore,Small,11764,10539
26,Morinville,Small,9848,8569
27,Whitecourt,Small,9515,9053
28,Hinton,Small,9205,9036
29,Olds,Small,8944,8025
30,Blackfalds,Small,8749,6123
31,Taber,Small,8199,7677
32,Coaldale,Small,8153,7239
33,Edson,Small,8148,8214
34,Banff,Small,7851,7854
35,Grand Centre,Small,7256,6868
36,Innisfail,Small,6927,7208
37,Ponoka,Small,6899,6505
38,Drayton Valley,Small,6867,6751
39,Cold Lake,Small,6678,6131
40,Devon,Small,6578,6515
41,Drumheller,Small,6439,6582
42,Rocky Mountain House,Small,6429,6687
43,Slave Lake,Small,6155,6517
44,Wainwright,Small,6153,5803
45,Stettler,Small,5862,5397
46,St. Paul,Small,5728,5337
47,Redcliff,Small,5474,5546
48,Vegreville,Small,5436,5440
49,Didsbury,Small,5222,4905
50,Bonnyville,Small,5081,5860
